Sinterklaas;nl
BRUSSEL;nl
Verenigde Vergadering van de Gemeenschappelijke ;nl
Raad van de Vlaamse Gemeenschapscommissie;nl
Assemblée de la Commission Communautaire Française;fr
Kamer van Volksvertegenwoordigers;nl
Belgische Senaat;nl
Vlaams Parlement;nl
Parlement de la communauté française;fr
Laken;nl
SCHAARBEEK;nl
Christelijke Sociale Organisaties;nl
RTL-TVI;fr
Ministerie van het Brussels Hoofdstedelijk Gewest;nl
ETTERBEEK;nl
International press center;en
VRT;nl
RTBF;fr
European External Action Service;en
Europees Parlement;nl
Europese unie - Raad;nl
Europese unie - Commissie;nl
ELSENE;nl
SINT-GILLIS;nl
ANDERLECHT;nl
SINT-JANS-MOLENBEEK;nl
KOEKELBERG;nl
SINT-AGATHA-BERCHEM;nl
GANSHOREN;nl
JETTE;nl
Brussel X;nl
Postcheque;nl
Scanning;en
ACTISOC;nl
NATO;en
Neder-Over-Heembeek;nl
Haren;nl
EVERE;nl
SINT-PIETERS-WOLUWE;nl
OUDERGEM;nl
WATERMAAL-BOSVOORDE;nl
UKKEL;nl
VORST;nl
SINT-LAMBRECHTS-WOLUWE;nl
SINT-JOOST-TEN-NOODE;nl
FOD Mobiliteit;nl
Limal;fr
WAVRE;fr
Bierges;fr
LA HULPE;fr
Glimes;fr
INCOURT;fr
Opprebais;fr
Piétrebais;fr
Roux-Miroir;fr
BEAUVECHAIN;fr
Hamme-Mille;fr
L'Ecluse;fr
Nodebais;fr
Tourinnes-La-Grosse;fr
Bonlez;fr
CHAUMONT-GISTOUX;fr
Corroy-Le-Grand;fr
Dion-Valmont;fr
Longueville;fr
RIXENSART;fr
Rosières;fr
Genval;fr
Ottignies;fr
OTTIGNIES-LOUVAIN-LA-NEUVE;fr
Céroux-Mousty;fr
Limelette;fr
Louvain-La-Neuve;fr
Enines;fr
Folx-Les-Caves;fr
Jandrain-Jandrenouille;fr
Jauche;fr
Marilles;fr
Noduwez;fr
ORP-JAUCHE;fr
Orp-Le-Grand;fr
HÉLÉCINE;fr
Linsmeau;fr
Neerheylissem;fr
Opheylissem;fr
Malèves-Sainte-Marie-Wastinnes;fr
Orbais;fr
PERWEZ;fr
Thorembais-Les-Béguines;fr
Thorembais-Saint-Trond;fr
Autre-Eglise;fr
Bomal;fr
Geest-Gérompont-Petit-Rosière;fr
Gérompont;fr
Grand-Rosière-Hottomont;fr
Huppaye;fr
Mont-Saint-André;fr
RAMILLIES;fr
Dongelberg;fr
Jauchelette;fr
JODOIGNE;fr
Jodoigne-Souveraine;fr
Lathuy;fr
Mélin;fr
Piétrain;fr
Saint-Jean-Geest;fr
Saint-Remy-Geest;fr
Zétrud-Lumay;fr
Couture-Saint-Germain;fr
LASNE;fr
Lasne-Chapelle-Saint-Lambert;fr
Maransart;fr
Ohain;fr
Plancenoit;fr
Archennes;fr
Biez;fr
Bossut-Gottechain;fr
GREZ-DOICEAU;fr
Nethen;fr
Monstreux;fr
NIVELLES;fr
Baulers;fr
Thines;fr
Bornival;fr
WATERLOO;fr
BRAINE-L'ALLEUD;fr
Ophain-Bois-Seigneur-Isaac;fr
Lillois-Witterzée;fr
Bierghes;fr
Quenast;fr
REBECQ;fr
Rebecq-Rognon;fr
Corbais;fr
Hévillers;fr
MONT-SAINT-GUIBERT;fr
BRAINE-LE-CHÂTEAU;fr
Wauthier-Braine;fr
CHASTRE;fr
Chastre-Villeroux-Blanmont;fr
Cortil-Noirmont;fr
Gentinnes;fr
Saint-Géry;fr
Nil-Saint-Vincent-Saint-Martin;fr
Tourinnes-Saint-Lambert;fr
WALHAIN;fr
Walhain-Saint-Paul;fr
ITTRE;fr
Virginal-Samme;fr
Haut-Ittre;fr
Baisy-Thy;fr
Bousval;fr
GENAPPE;fr
Loupoigne;fr
Vieux-Genappe;fr
Glabais;fr
Ways;fr
Houtain-Le-Val;fr
Clabecq;fr
Oisquercq;fr
Saintes;fr
TUBIZE;fr
COURT-SAINT-ETIENNE;fr
Marbais;fr
Mellery;fr
Sart-Dames-Avelines;fr
Tilly;fr
VILLERS-LA-VILLE;fr
HALLE;nl
Buizingen;nl
Lembeek;nl
Herfelingen;nl
HERNE;nl
Sint-Pieters-Kapelle;nl
BEVER;nl
HOEILAART;nl
GALMAARDEN;nl
Tollembeek;nl
Vollezele;nl
Oudenaken;nl
Sint-Laureins-Berchem;nl
SINT-PIETERS-LEEUW;nl
Ruisbroek;nl
Vlezenbeek;nl
DROGENBOS;nl
LINKEBEEK;nl
SINT-GENESIUS-RODE;nl
BEERSEL;nl
Lot;nl
Alsemberg;nl
Dworp;nl
Huizingen;nl
Bogaarden;nl
Heikruis;nl
PEPINGEN;nl
Elingen;nl
Beert;nl
Bellingen;nl
DILBEEK;nl
Sint-Martens-Bodegem;nl
Sint-Ulriks-Kapelle;nl
Itterbeek;nl
Groot-Bijgaarden;nl
Schepdaal;nl
ASSE;nl
Bekkerzeel;nl
Kobbegem;nl
Mollem;nl
Relegem;nl
Zellik;nl
HighCo DATA;en
TERNAT;nl
Wambeek;nl
Sint-Katherina-Lombeek;nl
Mazenzele;nl
OPWIJK;nl
Gaasbeek;nl
LENNIK;nl
Sint-Kwintens-Lennik;nl
Sint-Martens-Lennik;nl
GOOIK;nl
Kester;nl
Leerbeek;nl
Oetingen;nl
Onze-Lieve-Vrouw-Lombeek;nl
Pamel;nl
ROOSDAAL;nl
Strijtem;nl
Borchtlombeek;nl
LIEDEKERKE;nl
WEMMEL;nl
Brussegem;nl
Hamme;nl
MERCHTEM;nl
AFFLIGEM;nl
Essene;nl
Hekelgem;nl
Teralfene;nl
Peutie;nl
VILVOORDE;nl
Cargovil;en
VTM;nl
Melsbroek;nl
Perk;nl
STEENOKKERZEEL;nl
MACHELEN;nl
Diegem;nl
LONDERZEEL;nl
Malderen;nl
Steenhuffel;nl
GRIMBERGEN;nl
Humbeek;nl
Beigem;nl
Strombeek-Bever;nl
MEISE;nl
Wolvertem;nl
KAPELLE-OP-DEN-BOS;nl
Nieuwenrode;nl
Ramsdonk;nl
Berg;nl
Buken;nl
KAMPENHOUT;nl
Nederokkerzeel;nl
Nossegem;nl
ZAVENTEM;nl
Brucargo;nl
Sint-Stevens-Woluwe;nl
Sterrebeek;nl
Office Exchange Brussels Airport Remailing;en
Corporate Village;en
KRAAINEM;nl
WEZEMBEEK-OPPEM;nl
Eppegem;nl
ZEMST;nl
Hofstade;nl
Elewijt;nl
Weerde;nl
ANTWERPEN;nl
ANTWERPEN;nl
ANTWERPEN;nl
ANTWERPEN;nl
ANTWERPEN;nl
Berendrecht;nl
Lillo;nl
Zandvliet;nl
ANTWERPEN;nl
ANTWERPEN;nl
Burcht;nl
ZWIJNDRECHT;nl
Antwerpen X;nl
Deurne;nl
WIJNEGEM;nl
Borgerhout;nl
BORSBEEK;nl
WOMMELGEM;nl
Merksem;nl
Ekeren;nl
HERENTALS;nl
Morkhoven;nl
Noorderwijk;nl
Hallaar;nl
HEIST-OP-DEN-BERG;nl
Booischot;nl
Itegem;nl
Wiekevorst;nl
Schriek;nl
HERSELT;nl
Ramsel;nl
Houtvenne;nl
HULSHOUT;nl
Westmeerbeek;nl
Massenhoven;nl
Viersel;nl
ZANDHOVEN;nl
Pulderbos;nl
Pulle;nl
OLEN;nl
Oevel;nl
Tongerlo;nl
WESTERLO;nl
Zoerle-Parwijs;nl
HERENTHOUT;nl
Gierle;nl
LILLE;nl
Poederlee;nl
Wechelderzande;nl
GROBBENDONK;nl
Bouwel;nl
VORSELAAR;nl
TURNHOUT;nl
RIJKEVORSEL;nl
HOOGSTRATEN;nl
Meer;nl
Minderhout;nl
Wortel;nl
Meerle;nl
MERKSPLAS;nl
BEERSE;nl
Vlimmeren;nl
VOSSELAAR;nl
OUD-TURNHOUT;nl
ARENDONK;nl
RAVELS;nl
Weelde;nl
Poppel;nl
BAARLE-HERTOG;nl
MALLE;nl
Oostmalle;nl
Westmalle;nl
MOL;nl
Eindhout;nl
LAAKDAL;nl
Vorst;nl
Varendonk;nl
Veerle;nl
GEEL;nl
MEERHOUT;nl
KASTERLEE;nl
Lichtaart;nl
Tielen;nl
RETIE;nl
DESSEL;nl
BALEN;nl
Olmen;nl
Koningshooikt;nl
LIER;nl
Broechem;nl
Emblem;nl
Oelegem;nl
RANST;nl
BOECHOUT;nl
Vremde;nl
HOVE;nl
LINT;nl
KONTICH;nl
Waarloos;nl
Bevel;nl
Kessel;nl
NIJLEN;nl
DUFFEL;nl
Beerzel;nl
PUTTE;nl
BERLAAR;nl
Gestel;nl
Berchem;nl
Wilrijk;nl
HEMIKSEM;nl
SCHELLE;nl
AARTSELAAR;nl
MORTSEL;nl
EDEGEM;nl
Hoboken;nl
MECHELEN;nl
Walem;nl
Heffen;nl
Hombeek;nl
Leest;nl
Muizen;nl
BONHEIDEN;nl
Rijmenam;nl
Blaasveld;nl
Heindonk;nl
Tisselt;nl
WILLEBROEK;nl
Reet;nl
RUMST;nl
Terhagen;nl
NIEL;nl
BOOM;nl
SINT-KATELIJNE-WAVER;nl
Onze-Lieve-Vrouw-Waver;nl
Breendonk;nl
Liezele;nl
Puurs;nl
PUURS-SINT-AMANDS;nl
Ruisbroek;nl
BORNEM;nl
Hingene;nl
Mariekerke;nl
Weert;nl
Lippelo;nl
Oppuurs;nl
Sint-Amands;nl
SCHOTEN;nl
ESSEN;nl
KALMTHOUT;nl
BRASSCHAAT;nl
Hoevenen;nl
STABROEK;nl
KAPELLEN;nl
BRECHT;nl
Sint-Job-In-'T-Goor;nl
Sint-Lenaarts;nl
'S Gravenwezel;nl
SCHILDE;nl
Halle;nl
ZOERSEL;nl
Loenhout;nl
WUUSTWEZEL;nl
LEUVEN;nl
Heverlee;nl
Kessel Lo;nl
Wilsele;nl
Wijgmaal;nl
HERENT;nl
Veltem-Beisem;nl
Winksele;nl
HULDENBERG;nl
Loonbeek;nl
Neerijse;nl
Ottenburg;nl
Sint-Agatha-Rode;nl
OUD-HEVERLEE;nl
Sint-Joris-Weert;nl
Blanden;nl
Haasrode;nl
Vaalbeek;nl
BERTEM;nl
Korbeek-Dijle;nl
Leefdaal;nl
KORTENBERG;nl
Erps-Kwerps;nl
Everberg;nl
Meerbeek;nl
Duisburg;nl
TERVUREN;nl
Vossem;nl
OVERIJSE;nl
ROTSELAAR;nl
Wezemaal;nl
Werchter;nl
TREMELO;nl
Baal;nl
BEGIJNENDIJK;nl
Betekom;nl
KEERBERGEN;nl
HAACHT;nl
Tildonk;nl
Wespelaar;nl
BOORTMEERBEEK;nl
Hever;nl
AARSCHOT;nl
Gelrode;nl
Langdorp;nl
Rillaar;nl
Linden;nl
LUBBEEK;nl
Binkom;nl
Pellenberg;nl
HOLSBEEK;nl
Kortrijk-Dutsel;nl
Sint-Pieters-Rode;nl
Nieuwrode;nl
Scherpenheuvel;nl
SCHERPENHEUVEL-ZICHEM;nl
Averbode;nl
Zichem;nl
Messelbroek;nl
Testelt;nl
Deurne;nl
DIEST;nl
Schaffen;nl
Webbekom;nl
Kaggevinne;nl
Molenstede;nl
Bost;nl
Goetsenhoven;nl
Hakendover;nl
Kumtich;nl
Oorbeek;nl
Oplinter;nl
Sint-Margriete-Houtem;nl
TIENEN;nl
Vissenaken;nl
HOEGAARDEN;nl
Meldert;nl
Outgaarden;nl
Drieslinter;nl
LINTER;nl
Melkwezer;nl
Neerhespen;nl
Neerlinter;nl
Orsmaal-Gussenhoven;nl
Overhespen;nl
Wommersom;nl
BIERBEEK;nl
Korbeek-Lo;nl
Lovenjoel;nl
Opvelp;nl
BOUTERSEM;nl
Kerkom;nl
Neervelp;nl
Roosbeek;nl
Vertrijk;nl
Willebringen;nl
Bunsbeek;nl
GLABBEEK;nl
Kapellen;nl
Attenrode;nl
Houwaart;nl
Sint-Joris-Winge;nl
Tielt;nl
TIELT-WINGE;nl
Meensel-Kiezegem;nl
Eliksem;nl
Ezemaal;nl
Laar;nl
LANDEN;nl
Neerwinden;nl
Overwinden;nl
Rumsdorp;nl
Wange;nl
Waasmont;nl
Walsbets;nl
Walshoutem;nl
Wezeren;nl
Attenhoven;nl
Neerlanden;nl
Budingen;nl
Dormaal;nl
Halle-Booienhoven;nl
Helen-Bos;nl
ZOUTLEEUW;nl
GEETBETS;nl
Grazen;nl
Rummen;nl
Assent;nl
BEKKEVOORT;nl
Molenbeek-Wersbeek;nl
KORTENAKEN;nl
Ransberg;nl
Sint-Margriete-Houtem;nl
Hoeleden;nl
Kersbeek-Miskom;nl
Waanrode;nl
HASSELT;nl
Sint-Lambrechts-Herk;nl
Wimmertingen;nl
Kermt;nl
Spalbeek;nl
Kuringen;nl
Stokrooie;nl
Stevoort;nl
ZONHOVEN;nl
Helchteren;nl
Houthalen;nl
HOUTHALEN-HELCHTEREN;nl
Berbroek;nl
Donk;nl
HERK-DE-STAD;nl
Schulen;nl
HALEN;nl
Loksbergen;nl
Zelem;nl
Heusden;nl
HEUSDEN-ZOLDER;nl
Zolder;nl
Linkhout;nl
LUMMEN;nl
Meldert;nl
ALKEN;nl
BERINGEN;nl
Beverlo;nl
Koersel;nl
Paal;nl
DIEPENBEEK;nl
GENK;nl
Gellik;nl
LANAKEN;nl
Neerharen;nl
Veldwezelt;nl
Rekem;nl
Eisden;nl
Leut;nl
MAASMECHELEN;nl
Mechelen-Aan-De-Maas;nl
Meeswijk;nl
Opgrimbie;nl
Vucht;nl
Boorsem;nl
Uikhoven;nl
Kessenich;nl
KINROOI;nl
Molenbeersel;nl
Ophoven;nl
Dilsen;nl
DILSEN-STOKKEM;nl
Elen;nl
Lanklaar;nl
Rotem;nl
Stokkem;nl
Opglabbeek;nl
AS;nl
Niel-Bij-As;nl
Ellikom;nl
Gruitrode;nl
Meeuwen;nl
Neerglabbeek;nl
OUDSBERGEN;nl
Wijshagen;nl
MAASEIK;nl
Neeroeteren;nl
Opoeteren;nl
ZUTENDAAL;nl
'S Herenelderen;nl
Berg;nl
Diets-Heur;nl
Haren;nl
Henis;nl
Kolmont;nl
Koninksem;nl
Lauw;nl
Mal;nl
Neerrepen;nl
Nerem;nl
Overrepen;nl
Piringen;nl
Riksingen;nl
Rutten;nl
Sluizen;nl
TONGEREN;nl
Vreren;nl
Widooie;nl
HERSTAPPE;nl
KORTESSEM;nl
Vliermaalroot;nl
Wintershoven;nl
Guigoven;nl
Vliermaal;nl
HOESELT;nl
Romershoven;nl
Sint-Huibrechts-Hern;nl
Werm;nl
Schalkhoven;nl
Beverst;nl
BILZEN;nl
Eigenbilzen;nl
Grote-Spouwen;nl
Hees;nl
Kleine-Spouwen;nl
Mopertingen;nl
Munsterbilzen;nl
Rijkhoven;nl
Rosmeer;nl
Waltwilder;nl
Martenslinde;nl
Hoelbeek;nl
Genoelselderen;nl
Herderen;nl
Kanne;nl
Membruggen;nl
Millen;nl
RIEMST;nl
Val-Meer;nl
Vlijtingen;nl
Vroenhoven;nl
Zichen-Zussen-Bolder;nl
Moelingen;nl
Sint-Martens-Voeren;nl
VOEREN;nl
Remersdaal;nl
Sint-Pieters-Voeren;nl
Teuven;nl
S Gravenvoeren;nl
Aalst;nl
Brustem;nl
Engelmanshoven;nl
Gelinden;nl
Groot-Gelmen;nl
Halmaal;nl
Kerkom-Bij-Sint-Truiden;nl
Ordingen;nl
SINT-TRUIDEN;nl
Zepperen;nl
Duras;nl
Gorsem;nl
Runkelen;nl
Wilderen;nl
Velm;nl
Berlingen;nl
WELLEN;nl
Herten;nl
Ulbeek;nl
Bommershoven;nl
BORGLOON;nl
Broekom;nl
Gors-Opleeuw;nl
Gotem;nl
Groot-Loon;nl
Haren;nl
Hendrieken;nl
Hoepertingen;nl
Jesseren;nl
Kerniel;nl
Kolmont;nl
Kuttekoven;nl
Rijkel;nl
Voort;nl
Binderveld;nl
Kozen;nl
NIEUWERKERKEN;nl
Wijer;nl
Batsheers;nl
Bovelingen;nl
Gutshoven;nl
HEERS;nl
Heks;nl
Horpmaal;nl
Klein-Gelmen;nl
Mechelen-Bovelingen;nl
Mettekoven;nl
Opheers;nl
Rukkelingen-Loon;nl
Vechmaal;nl
Veulen;nl
Boekhout;nl
GINGELOM;nl
Jeuk;nl
Kortijs;nl
Montenaken;nl
Niel-Bij-Sint-Truiden;nl
Vorsen;nl
Borlo;nl
Buvingen;nl
Mielen-Boven-Aalst;nl
Muizen;nl
Overpelt;nl
PELT;nl
Neerpelt;nl
Sint-Huibrechts-Lille;nl
LOMMEL;nl
Achel;nl
Hamont;nl
HAMONT-ACHEL;nl
Hechtel;nl
HECHTEL-EKSEL;nl
Eksel;nl
HAM;nl
Kwaadmechelen;nl
Oostham;nl
BOCHOLT;nl
Kaulille;nl
Reppel;nl
Beek;nl
BREE;nl
Gerdingen;nl
Opitter;nl
Tongerlo;nl
LEOPOLDSBURG;nl
Heppen;nl
TESSENDERLO;nl
Grote-Brogel;nl
Kleine-Brogel;nl
PEER;nl
Wijchmaal;nl
Glain;fr
LIÈGE;fr
Rocourt;fr
Bressoux;fr
Jupille-Sur-Meuse;fr
LIÈGE;fr
Wandre;fr
Grivegnée;fr
Angleur;fr
Chênée;fr
HERSTAL;fr
Milmort;fr
Vottem;fr
Liers;fr
CHAUDFONTAINE;fr
Vaux-Sous-Chèvremont;fr
Beaufays;fr
Embourg;fr
Liège X;fr
Boncelles;fr
SERAING;fr
Jemeppe-Sur-Meuse;fr
Ougrée;fr
Ehein;fr
NEUPRÉ;fr
Rotheux-Rimière;fr
Neuville-En-Condroz;fr
Plainevaux;fr
ESNEUX;fr
Tilff;fr
Dolembreux;fr
Gomzé-Andoumont;fr
Rouvreux;fr
SPRIMONT;fr
Louveigné;fr
ANTHISNES;fr
Villers-Aux-Tours;fr
Hody;fr
Tavier;fr
COMBLAIN-AU-PONT;fr
Poulseur;fr
Comblain-Fairon;fr
Comblain-La-Tour;fr
HAMOIR;fr
Filot;fr
FERRIÈRES;fr
My;fr
Vieuxville;fr
Werbomont;fr
Xhoris;fr
BURDINNE;fr
Hannêche;fr
Lamontzée;fr
Marneffe;fr
Oteppe;fr
HÉRON;fr
Lavoir;fr
Waret-L'Evêque;fr
Couthuin;fr
Acosse;fr
Ambresin;fr
Meeffe;fr
WASSEIGES;fr
Boëlhe;fr
GEER;fr
Hollogne-Sur-Geer;fr
Lens-Saint-Servais;fr
Omal;fr
Darion;fr
Ligney;fr
BERLOZ;fr
Corswarem;fr
Rosoux-Crenwick;fr
Avennes;fr
BRAIVES;fr
Ciplet;fr
Fallais;fr
Fumal;fr
Ville-En-Hesbaye;fr
Latinne;fr
Tourinne;fr
Abolens;fr
Avernas-Le-Bauduin;fr
Avin;fr
Bertrée;fr
Blehen;fr
Cras-Avernas;fr
Crehen;fr
Grand-Hallet;fr
HANNUT;fr
Lens-Saint-Remy;fr
Merdorp;fr
Moxhe;fr
Petit-Hallet;fr
Poucet;fr
Thisnes;fr
Trognée;fr
Villers-Le-Peuplier;fr
Wansin;fr
LINCENT;fr
Pellaines;fr
Racour;fr
Bettincourt;fr
Bleret;fr
Bovenistier;fr
Grand-Axhe;fr
Lantremange;fr
Oleye;fr
WAREMME;fr
Aineffe;fr
Borlez;fr
Celles;fr
FAIMES;fr
Les Waleffes;fr
Viemme;fr
AWANS;fr
Fooz;fr
Othée;fr
Villers-L'Evêque;fr
Hognoul;fr
FEXHE-LE-HAUT-CLOCHER;fr
Freloux;fr
Noville;fr
Roloux;fr
Voroux-Goreux;fr
Lamine;fr
Momalle;fr
Pousset;fr
REMICOURT;fr
Hodeige;fr
DONCEEL;fr
Haneffe;fr
Jeneffe;fr
Limont;fr
Bergilers;fr
Grandville;fr
Lens-Sur-Geer;fr
OREYE;fr
Otrange;fr
CRISNÉE;fr
Fize-Le-Marsal;fr
Kemexhe;fr
Odeur;fr
Thys;fr
Awirs;fr
Chokier;fr
FLÉMALLE;fr
Flémalle-Grande;fr
Flémalle-Haute;fr
Gleixhe;fr
Ivoz-Ramet;fr
Mons-Lez-Liège;fr
Montegnée;fr
SAINT-NICOLAS;fr
Tilleur;fr
ANS;fr
Loncin;fr
Alleur;fr
Xhendremael;fr
JUPRELLE;fr
Lantin;fr
Slins;fr
Voroux-Lez-Liers;fr
Paifve;fr
Wihogne;fr
Villers-Saint-Siméon;fr
Fexhe-Slins;fr
Bierset;fr
Grâce-Berleur;fr
GRÂCE-HOLLOGNE;fr
Hollogne-Aux-Pierres;fr
Horion-Hozémont;fr
Velroux;fr
SAINT-GEORGES-SUR-MEUSE;fr
Clermont-Sous-Huy;fr
Ehein;fr
ENGIS;fr
Hermalle-Sous-Huy;fr
Ben-Ahin;fr
HUY;fr
Tihange;fr
Antheit;fr
Bas-Oha;fr
Huccorgne;fr
Moha;fr
Vinalmont;fr
WANZE;fr
Fize-Fontaine;fr
Vaux-Et-Borset;fr
Vieux-Waleffe;fr
VILLERS-LE-BOUILLET;fr
Warnant-Dreye;fr
Bodegnée;fr
Chapon-Seraing;fr
Seraing-Le-Château;fr
VERLAINE;fr
AMAY;fr
Ampsin;fr
Flône;fr
Jehay;fr
Ombret;fr
NANDRIN;fr
Saint-Séverin;fr
Villers-Le-Temple;fr
Yernée-Fraineux;fr
Abée;fr
Fraiture;fr
Ramelot;fr
Seny;fr
Soheit-Tinlot;fr
TINLOT;fr
Bois-Et-Borsu;fr
CLAVIER;fr
Les Avins;fr
Ocquier;fr
Pailhe;fr
Terwagne;fr
MARCHIN;fr
Vyle-Et-Tharoul;fr
MODAVE;fr
Outrelouxhe;fr
Strée-Lez-Huy;fr
Vierset-Barse;fr
Ellemelle;fr
OUFFET;fr
Warzée;fr
Lanaye;fr
Lixhe;fr
Richelle;fr
VISÉ;fr
Argenteau;fr
Cheratte;fr
Saint-André;fr
Berneau;fr
Bombaye;fr
DALHEM;fr
Feneur;fr
Mortroux;fr
Neufchâteau;fr
Warsage;fr
Bellaire;fr
BEYNE-HEUSAY;fr
Queue-Du-Bois;fr
FLÉRON;fr
Retinne;fr
Magnée;fr
Romsée;fr
Ayeneux;fr
Micheroux;fr
SOUMAGNE;fr
Tignée;fr
Evegnée;fr
Cérexhe-Heuseux;fr
Melen;fr
Chaineux;fr
Grand-Rechain;fr
HERVE;fr
Julémont;fr
Battice;fr
Xhendelesse;fr
Bolland;fr
Charneux;fr
BLÉGNY;fr
Mortier;fr
Trembleur;fr
Barchon;fr
Housse;fr
Saive;fr
Saint-Remy;fr
Hermée;fr
OUPEYE;fr
Hermalle-Sous-Argenteau;fr
Heure-Le-Romain;fr
Houtain-Saint-Siméon;fr
Vivegnis;fr
Haccourt;fr
BASSENGE;fr
Boirs;fr
Eben-Emael;fr
Glons;fr
Roclenge-Sur-Geer;fr
Wonck;fr
EUPEN;de
Kettenis;de
LONTZEN;de
Walhorn;de
KELMIS;de
Neu-Moresnet;de
Hergenrath;de
Hauset;de
RAEREN;de
Eynatten;de
BUTGENBACH;de
Elsenborn;de
BÜLLINGEN;de
Manderfeld;de
Rocherath;de
AMEL;de
Meyerode;de
Heppenbach;de
Recht;de
SANKT-VITH;de
Schönberg;de
Lommersweiler;de
Crombach;de
BURG-REULAND;de
Reuland;de
Thommen;de
Ensival;fr
Lambermont;fr
Petit-Rechain;fr
Polleur;fr
VERVIERS;fr
Stembert;fr
Heusy;fr
DISON;fr
Andrimont;fr
LIMBOURG;fr
Bilstain;fr
Goé;fr
BAELEN;fr
Membach;fr
WELKENRAEDT;fr
Henri-Chapelle;fr
JALHAY;fr
Sart-Lez-Spa;fr
Montzen;fr
Moresnet;fr
PLOMBIÈRES;fr
Gemmenich;fr
Sippenaeken;fr
Hombourg;fr
Cornesse;fr
PEPINSTER;fr
Wegnez;fr
Soiron;fr
Forêt;fr
Fraipont;fr
Nessonvaux;fr
TROOZ;fr
OLNE;fr
AUBEL;fr
Clermont;fr
Thimister;fr
THIMISTER-CLERMONT;fr
SPA;fr
La Reid;fr
Polleur;fr
THEUX;fr
AYWAILLE;fr
Ernonheid;fr
Harzé;fr
Louveigné;fr
Sougné-Remouchamps;fr
Faymonville;fr
Robertville;fr
Sourbrodt;fr
WEISMES;fr
Bellevaux-Ligneuville;fr
Bevercé;fr
MALMEDY;fr
Francorchamps;fr
STAVELOT;fr
Fosse;fr
TROIS-PONTS;fr
Wanne;fr
Basse-Bodeux;fr
Chevron;fr
La Gleize;fr
Lorcé;fr
Rahier;fr
STOUMONT;fr
Arbrefontaine;fr
Bra;fr
LIERNEUX;fr
Beez;fr
NAMUR;fr
Belgrade;fr
Saint-Servais;fr
Saint-Marc;fr
Bouge;fr
SA SudPresse;fr
Parlement Wallon;fr
Champion;fr
Daussoulx;fr
Flawinne;fr
Malonne;fr
Suarlée;fr
Temploux;fr
Vedrin;fr
Boninne;fr
Cognelée;fr
Gelbressée;fr
Marche-Les-Dames;fr
Beuzet;fr
Ernage;fr
GEMBLOUX;fr
Grand-Manil;fr
Lonzée;fr
Sauvenière;fr
Grand-Leez;fr
Bossière;fr
Bothey;fr
Corroy-Le-Château;fr
Isnes;fr
Mazy;fr
Arsimont;fr
Auvelais;fr
Falisolle;fr
Keumiée;fr
Moignelée;fr
SAMBREVILLE;fr
Tamines;fr
Velaine-Sur-Sambre;fr
Aisemont;fr
FOSSES-LA-VILLE;fr
Le Roux;fr
Sart-Eustache;fr
Sart-Saint-Laurent;fr
Vitrival;fr
Emines;fr
LA BRUYÈRE;fr
Rhisnes;fr
Villers-Lez-Heest;fr
Warisoulx;fr
Bovesse;fr
Meux;fr
Saint-Denis-Bovesse;fr
Dave;fr
Jambes;fr
Naninne;fr
Wépion;fr
Wierde;fr
Erpent;fr
Lives-Sur-Meuse;fr
Loyers;fr
Boignée;fr
Ligny;fr
SOMBREFFE;fr
Tongrinne;fr
FLOREFFE;fr
Floriffoux;fr
Franière;fr
Soye;fr
Arbre;fr
Bois-De-Villers;fr
Lesve;fr
Lustin;fr
PROFONDEVILLE;fr
Rivière;fr
Balâtre;fr
Ham-Sur-Sambre;fr
JEMEPPE-SUR-SAMBRE;fr
Mornimont;fr
Moustier-Sur-Sambre;fr
Onoz;fr
Saint-Martin;fr
Spy;fr
ANDENNE;fr
Bonneville;fr
Coutisse;fr
Landenne;fr
Maizeret;fr
Namêche;fr
Sclayn;fr
Seilles;fr
Thon;fr
Vezin;fr
Aische-En-Refail;fr
Bolinne;fr
Boneffe;fr
Branchon;fr
Dhuy;fr
EGHEZÉE;fr
Hanret;fr
Leuze;fr
Liernu;fr
Longchamps;fr
Mehaigne;fr
Noville-Sur-Mehaigne;fr
Saint-Germain;fr
Taviers;fr
Upigny;fr
Waret-La-Chaussée;fr
ASSESSE;fr
Maillen;fr
Sart-Bernard;fr
Crupet;fr
Sorinne-La-Longue;fr
Florée;fr
Courrière;fr
Faulx-Les-Tombes;fr
GESVES;fr
Haltinne;fr
Mozet;fr
Sorée;fr
Evelette;fr
OHEY;fr
Haillot;fr
Perwez-Haillot;fr
Goesnes;fr
Jallet;fr
HAMOIS;fr
Natoye;fr
Mohiville;fr
Scy;fr
Achet;fr
Emptinne;fr
Schaltin;fr
Barvaux-Condroz;fr
Flostoy;fr
HAVELANGE;fr
Jeneffe;fr
Porcheresse;fr
Verlée;fr
Méan;fr
Maffe;fr
Miécret;fr
Baillonville;fr
Bonsin;fr
Heure;fr
Hogne;fr
Nettinne;fr
Noiseux;fr
Sinsin;fr
SOMME-LEUZE;fr
Waillet;fr
Bierwart;fr
Cortil-Wodon;fr
FERNELMONT;fr
Forville;fr
Franc-Waret;fr
Hemptinne;fr
Hingeon;fr
Marchovelette;fr
Noville-Les-Bois;fr
Pontillas;fr
Tillier;fr
Anseremme;fr
Bouvignes-Sur-Meuse;fr
DINANT;fr
Dréhance;fr
Falmagne;fr
Falmignoul;fr
Furfooz;fr
Lisogne;fr
Thynes;fr
Sorinnes;fr
Foy-Notre-Dame;fr
Anthée;fr
ONHAYE;fr
Serville;fr
Falaën;fr
Sommière;fr
Weillen;fr
Gérin;fr
Dorinne;fr
Durnal;fr
Evrehailles;fr
Godinne;fr
Houx;fr
Mont;fr
Purnode;fr
Spontin;fr
YVOIR;fr
ANHÉE;fr
Annevoie-Rouillon;fr
Bioul;fr
Denée;fr
Haut-Le-Wastia;fr
Sosoye;fr
Warnant;fr
HASTIÈRE;fr
Hastière-Lavaux;fr
Hermeton-Sur-Meuse;fr
Waulsort;fr
Hastière-Par-Delà;fr
Blaimont;fr
Heer;fr
Agimont;fr
Alle;fr
Bagimont;fr
Bohan;fr
Chairière;fr
Laforêt;fr
Membre;fr
Mouzaive;fr
Nafraiture;fr
Orchimont;fr
Pussemange;fr
Sugny;fr
VRESSE-SUR-SEMOIS;fr
Baillamont;fr
Bellefontaine;fr
BIÈVRE;fr
Cornimont;fr
Graide;fr
Gros-Fays;fr
Monceau-En-Ardenne;fr
Naomé;fr
Oizy;fr
Petit-Fays;fr
Ciergnon;fr
Finnevaux;fr
HOUYET;fr
Hulsonniaux;fr
Mesnil-Eglise;fr
Mesnil-Saint-Blaise;fr
Celles;fr
Custinne;fr
Hour;fr
Wanlin;fr
Baronville;fr
BEAURAING;fr
Dion;fr
Felenne;fr
Feschaux;fr
Honnay;fr
Javingue;fr
Vonêche;fr
Wancennes;fr
Winenne;fr
Wiesme;fr
Focant;fr
Martouzin-Neuville;fr
Pondrôme;fr
Bourseigne-Neuve;fr
Bourseigne-Vieille;fr
GEDINNE;fr
Houdremont;fr
Louette-Saint-Denis;fr
Louette-Saint-Pierre;fr
Malvoisin;fr
Patignies;fr
Rienne;fr
Sart-Custinne;fr
Vencimont;fr
Willerzie;fr
Froidfontaine;fr
Ave-Et-Auffe;fr
Buissonville;fr
Eprave;fr
Han-Sur-Lesse;fr
Jemelle;fr
Lavaux-Sainte-Anne;fr
Lessive;fr
Mont-Gauthier;fr
ROCHEFORT;fr
Villers-Sur-Lesse;fr
Wavreille;fr
Jemelle;fr
Achêne;fr
Braibant;fr
Chevetogne;fr
CINEY;fr
Conneux;fr
Haversin;fr
Leignon;fr
Pessoux;fr
Serinchamps;fr
Sovet;fr
Fagnolle;fr
Franchimont;fr
Jamagne;fr
Jamiolle;fr
Merlemont;fr
Neuville;fr
Omezée;fr
PHILIPPEVILLE;fr
Roly;fr
Romedenne;fr
Samart;fr
Sart-En-Fagne;fr
Sautour;fr
Surice;fr
Villers-En-Fagne;fr
Villers-Le-Gambon;fr
Vodecée;fr
Corenne;fr
Flavion;fr
FLORENNES;fr
Hemptinne-Lez-Florennes;fr
Morville;fr
Rosée;fr
Saint-Aubin;fr
Hanzinelle;fr
Hanzinne;fr
Morialmé;fr
Thy-Le-Baudouin;fr
CERFONTAINE;fr
Daussois;fr
Senzeilles;fr
Silenrieux;fr
Soumoy;fr
Villers-Deux-Eglises;fr
Biesme;fr
Biesmerée;fr
Graux;fr
METTET;fr
Oret;fr
Saint-Gérard;fr
Furnaux;fr
Ermeton-Sur-Biert;fr
Stave;fr
Castillon;fr
Chastrès;fr
Clermont;fr
Fontenelle;fr
Fraire;fr
Pry;fr
Vogenée;fr
WALCOURT;fr
Yves-Gomezée;fr
Berzée;fr
Gourdinne;fr
Laneffe;fr
Rognée;fr
Somzée;fr
Tarcienne;fr
Thy-Le-Château;fr
Aublain;fr
Boussu-En-Fagne;fr
Brûly;fr
Brûly-De-Pesche;fr
COUVIN;fr
Cul-Des-Sarts;fr
Dailly;fr
Frasnes;fr
Gonrieux;fr
Mariembourg;fr
Pesche;fr
Pétigny;fr
Petite-Chapelle;fr
Presgaux;fr
Dourbes;fr
Le Mesnil;fr
Mazée;fr
Nismes;fr
Oignies-En-Thiérache;fr
Olloy-Sur-Viroin;fr
Treignes;fr
Vierves-Sur-Viroin;fr
VIROINVAL;fr
DOISCHE;fr
Gimnée;fr
Gochenée;fr
Matagne-La-Grande;fr
Matagne-La-Petite;fr
Niverlée;fr
Romerée;fr
Soulme;fr
Vaucelles;fr
Vodelée;fr
CHARLEROI;fr
Marcinelle;fr
Couillet;fr
Dampremy;fr
Goutroux;fr
Marchienne-Au-Pont;fr
Monceau-Sur-Sambre;fr
Mont-Sur-Marchienne;fr
Jumet;fr
Gosselies;fr
Lodelinsart;fr
Ransart;fr
Roux;fr
Gilly;fr
Montignies-Sur-Sambre;fr
CSM Charleroi X;fr
Charleroi X;fr
MONTIGNY-LE-TILLEUL;fr
Landelies;fr
Cour-Sur-Heure;fr
HAM-SUR-HEURE;fr
Jamioulx;fr
Marbaix;fr
Nalinnes;fr
FONTAINE-L'EVÊQUE;fr
Forchies-La-Marche;fr
Leernes;fr
ANDERLUES;fr
COURCELLES;fr
Gouy-Lez-Piéton;fr
Souvret;fr
Trazegnies;fr
Bouffioulx;fr
CHÂTELET;fr
Châtelineau;fr
Frasnes-Lez-Gosselies;fr
LES BONS VILLERS;fr
Rèves;fr
Villers-Perwin;fr
Wayaux;fr
Mellet;fr
FLEURUS;fr
Heppignies;fr
Lambusart;fr
Wangenies;fr
Saint-Amand;fr
Brye;fr
Wagnelée;fr
Wanfercée-Baulet;fr
Buzet;fr
Obaix;fr
PONT-À-CELLES;fr
Thiméon;fr
Viesville;fr
Liberchies;fr
Luttre;fr
FARCIENNES;fr
Pironchamps;fr
Aiseau;fr
AISEAU-PRESLES;fr
Pont-De-Loup;fr
Presles;fr
Roselies;fr
Acoz;fr
GERPINNES;fr
Gougnies;fr
Joncret;fr
Loverval;fr
Villers-Poterie;fr
Boussu-Lez-Walcourt;fr
Fourbechies;fr
FROIDCHAPELLE;fr
Vergnies;fr
Erpion;fr
Bailièvre;fr
CHIMAY;fr
Robechies;fr
Saint-Remy;fr
Salles;fr
Villers-La-Tour;fr
Virelles;fr
Vaulx-Lez-Chimay;fr
Lompret;fr
Baileux;fr
Bourlers;fr
Forges;fr
L'Escaillère;fr
Rièzes;fr
Grandrieu;fr
Montbliart;fr
Rance;fr
Sautin;fr
Sivry;fr
SIVRY-RANCE;fr
Barbençon;fr
BEAUMONT;fr
Leugnies;fr
Leval-Chaudeville;fr
Renlies;fr
Solre-Saint-Géry;fr
Thirimont;fr
Strée;fr
Leers-Et-Fosteau;fr
THUIN;fr
Biesme-Sous-Thuin;fr
Ragnies;fr
Biercée;fr
Gozée;fr
Donstiennes;fr
Thuillies;fr
LOBBES;fr
Mont-Sainte-Geneviève;fr
Sars-La-Buissière;fr
Bienne-Lez-Happart;fr
Bersillies-L'Abbaye;fr
ERQUELINNES;fr
Grand-Reng;fr
Hantes-Wihéries;fr
Montignies-Saint-Christophe;fr
Solre-Sur-Sambre;fr
Fontaine-Valmont;fr
Labuissière;fr
MERBES-LE-CHÂTEAU;fr
Merbes-Sainte-Marie;fr
MOMIGNIES;fr
Macon;fr
Monceau-Imbrechies;fr
Macquenoise;fr
Beauwelz;fr
Forge-Philippe;fr
Seloignes;fr
BASTOGNE;fr
Longvilly;fr
Noville;fr
Villers-La-Bonne-Eau;fr
Wardin;fr
MARTELANGE;fr
FAUVILLERS;fr
Hollange;fr
Tintange;fr
Hompré;fr
Morhet;fr
Nives;fr
Sibret;fr
Vaux-Lez-Rosières;fr
VAUX-SUR-SÛRE;fr
Juseret;fr
HOUFFALIZE;fr
Nadrin;fr
Mont;fr
Tailles;fr
Tavigny;fr
Mabompré;fr
Wibrin;fr
GOUVY;fr
Limerlé;fr
Bovigny;fr
Beho;fr
Cherain;fr
Montleban;fr
Amberloup;fr
SAINTE-ODE;fr
Tillet;fr
Lavacherie;fr
Flamierge;fr
BERTOGNE;fr
Longchamps;fr
Bihain;fr
VIELSALM;fr
Petit-Thier;fr
Grand-Halleux;fr
ARLON;fr
Bonnert;fr
Heinsch;fr
Toernich;fr
Guirsch;fr
Autelbas;fr
ATTERT;fr
Nobressart;fr
Nothomb;fr
Thiaumont;fr
Tontelange;fr
HABAY;fr
Habay-La-Neuve;fr
Hachy;fr
Anlier;fr
Habay-La-Vieille;fr
Houdemont;fr
Rulles;fr
Bellefontaine;fr
Rossignol;fr
Saint-Vincent;fr
TINTIGNY;fr
ETALLE;fr
Sainte-Marie-Sur-Semois;fr
Villers-Sur-Semois;fr
Vance;fr
Chantemelle;fr
Buzenol;fr
Châtillon;fr
Meix-Le-Tige;fr
SAINT-LÉGER;fr
MUSSON;fr
Mussy-La-Ville;fr
Signeulx;fr
Bleid;fr
Ethe;fr
Ruette;fr
VIRTON;fr
Latour;fr
Saint-Mard;fr
Dampicourt;fr
Harnoncourt;fr
Lamorteau;fr
ROUVROY;fr
Torgny;fr
Gérouville;fr
MEIX-DEVANT-VIRTON;fr
Robelmont;fr
Sommethonne;fr
Villers-La-Loue;fr
Hondelange;fr
MESSANCY;fr
Wolkrange;fr
Sélange;fr
Habergy;fr
AUBANGE;fr
Athus;fr
Halanzy;fr
Rachecourt;fr
Bras;fr
Freux;fr
LIBRAMONT-CHEVIGNY;fr
Moircy;fr
Recogne;fr
Remagne;fr
Saint-Pierre;fr
Sainte-Marie-Chevigny;fr
CHINY;fr
Izel;fr
Jamoigne;fr
Les Bulles;fr
Suxy;fr
Termes;fr
FLORENVILLE;fr
Fontenoille;fr
Muno;fr
Sainte-Cécile;fr
Lacuisine;fr
Villers-Devant-Orval;fr
Chassepierre;fr
BOUILLON;fr
Les Hayons;fr
Poupehan;fr
Rochehaut;fr
Noirfontaine;fr
Sensenruth;fr
Ucimont;fr
Vivy;fr
Bellevaux;fr
Dohan;fr
Corbion;fr
Grandvoir;fr
Grapfontaine;fr
Hamipré;fr
Longlier;fr
NEUFCHÂTEAU;fr
Tournay;fr
Carlsbourg;fr
Offagne;fr
PALISEUL;fr
Nollevaux;fr
Maissin;fr
Opont;fr
Framont;fr
Fays-Les-Veneurs;fr
Assenois;fr
Ebly;fr
LÉGLISE;fr
Mellier;fr
Witry;fr
Arville;fr
Awenne;fr
Hatrival;fr
Mirwart;fr
SAINT-HUBERT;fr
Vesqueville;fr
Auby-Sur-Semois;fr
BERTRIX;fr
Cugnon;fr
Jehonville;fr
Orgeo;fr
HERBEUMONT;fr
Saint-Médard;fr
Straimont;fr
Anloy;fr
LIBIN;fr
Ochamps;fr
Redu;fr
Smuid;fr
Transinne;fr
Villance;fr
Aye;fr
Hargimont;fr
Humain;fr
MARCHE-EN-FAMENNE;fr
On;fr
Roy;fr
Waha;fr
Sohier;fr
WELLIN;fr
Chanly;fr
Halma;fr
Lomprez;fr
Bure;fr
Grupont;fr
Resteigne;fr
TELLIN;fr
DAVERDISSE;fr
Gembes;fr
Haut-Fays;fr
Porcheresse;fr
Barvaux-Sur-Ourthe;fr
DURBUY;fr
Grandhan;fr
Septon;fr
Wéris;fr
Bende;fr
Bomal-Sur-Ourthe;fr
Borlon;fr
Heyd;fr
Izier;fr
Tohogne;fr
Villers-Sainte-Gertrude;fr
Harsin;fr
NASSOGNE;fr
Bande;fr
Grune;fr
Ambly;fr
Forrières;fr
Lesterny;fr
Masbourg;fr
Dochamps;fr
Grandménil;fr
Harre;fr
Malempré;fr
MANHAY;fr
Odeigne;fr
Vaux-Chavanne;fr
TENNEVILLE;fr
Champlon;fr
Erneuville;fr
Beausaint;fr
LA ROCHE-EN-ARDENNE;fr
Samrée;fr
Ortho;fr
Hives;fr
Halleux;fr
Beffe;fr
Hodister;fr
Marcourt;fr
RENDEUX;fr
Fronville;fr
Hampteau;fr
HOTTON;fr
Marenne;fr
Amonines;fr
EREZÉE;fr
Mormont;fr
Soy;fr
MONS;fr
SHAPE;fr
Ghlin;fr
Flénu;fr
Jemappes;fr
Maisières;fr
Nimy;fr
Havré;fr
Harmignies;fr
Harveng;fr
Hyon;fr
Mesvin;fr
Nouvelles;fr
Ciply;fr
Saint-Symphorien;fr
Villers-Saint-Ghislain;fr
Spiennes;fr
Cuesmes;fr
Obourg;fr
Saint-Denis;fr
Asquillies;fr
Aulnois;fr
Blaregnies;fr
Bougnies;fr
Genly;fr
Goegnies-Chaussée;fr
QUÉVY;fr
Quévy-Le-Grand;fr
Quévy-Le-Petit;fr
Givry;fr
Havay;fr
Erbaut;fr
Erbisoeul;fr
Herchies;fr
JURBISE;fr
Masnuy-Saint-Jean;fr
Masnuy-Saint-Pierre;fr
Horrues;fr
SOIGNIES;fr
Casteau;fr
Thieusies;fr
Naast;fr
Chaussée-Notre-Dame-Louvignies;fr
Neufvilles;fr
Gottignies;fr
LE ROEULX;fr
Mignault;fr
Thieu;fr
Ville-Sur-Haine;fr
Eugies;fr
FRAMERIES;fr
La Bouverie;fr
Noirchain;fr
Sars-La-Bruyère;fr
BRAINE-LE-COMTE;fr
Hennuyères;fr
Henripont;fr
Petit-Roeulx-Lez-Braine;fr
Ronquières;fr
Steenkerque;fr
Haine-Saint-Paul;fr
Haine-Saint-Pierre;fr
LA LOUVIÈRE;fr
Saint-Vaast;fr
Trivières;fr
Boussoit;fr
Houdeng-Aimeries;fr
Houdeng-Goegnies;fr
Maurage;fr
Strépy-Bracquegnies;fr
Croix-Lez-Rouveroy;fr
ESTINNES;fr
Estinnes-Au-Mont;fr
Estinnes-Au-Val;fr
Fauroeulx;fr
Haulchin;fr
Peissant;fr
Rouveroy;fr
Vellereille-Le-Sec;fr
Vellereille-Les-Brayeux;fr
Battignies;fr
BINCHE;fr
Bray;fr
Waudrez;fr
Buvrinnes;fr
Epinois;fr
Leval-Trahegnies;fr
Péronnes-Lez-Binche;fr
Ressaix;fr
MORLANWELZ;fr
Morlanwelz-Mariemont;fr
Carnières;fr
Mont-Sainte-Aldegonde;fr
CHAPELLE-LEZ-HERLAIMONT;fr
Godarville;fr
Piéton;fr
Bellecourt;fr
Bois-D'Haine;fr
Fayt-Lez-Manage;fr
La Hestre;fr
MANAGE;fr
SENEFFE;fr
Arquennes;fr
Familleureux;fr
Feluy;fr
Petit-Roeulx-Lez-Nivelles;fr
ECAUSSINNES;fr
Ecaussinnes-D'Enghien;fr
Marche-Lez-Ecaussinnes;fr
Ecaussinnes-Lalaing;fr
BOUSSU;fr
Hornu;fr
BERNISSART;fr
Blaton;fr
Harchies;fr
Pommeroeul;fr
Ville-Pommeroeul;fr
SAINT-GHISLAIN;fr
Baudour;fr
Neufmaison;fr
Sirault;fr
Tertre;fr
Hautrage;fr
Villerot;fr
COLFONTAINE;fr
Pâturages;fr
Warquignies;fr
Wasmes;fr
Hainin;fr
HENSIES;fr
Montroeul-Sur-Haine;fr
Thulin;fr
Blaugies;fr
DOUR;fr
Elouges;fr
Wihéries;fr
Baisieux;fr
QUIÉVRAIN;fr
Audregnies;fr
Angre;fr
Angreau;fr
Athis;fr
Autreppe;fr
Erquennes;fr
Fayt-Le-Franc;fr
HONNELLES;fr
Marchipont;fr
Montignies-Sur-Roc;fr
Onnezies;fr
Roisin;fr
QUAREGNON;fr
Wasmuel;fr
Ere;fr
Saint-Maur;fr
TOURNAI;fr
Orcq;fr
Esplechin;fr
Froyennes;fr
Froidmont;fr
Willemeau;fr
3 Suisses;fr
Vitrine Magique;fr
Yves Rocher;fr
Yves Rocher;fr
Ramegnies-Chin;fr
Templeuve;fr
Chercq;fr
Blandain;fr
Hertain;fr
Lamain;fr
Marquain;fr
Gaurain-Ramecroix;fr
Havinnes;fr
Béclers;fr
Thimougies;fr
Barry;fr
Maulde;fr
Vaulx;fr
Vezon;fr
Kain;fr
Melles;fr
Quartes;fr
Rumillies;fr
Mont-Saint-Aubert;fr
Mourcourt;fr
Warchin;fr
PÉRUWELZ;fr
Roucourt;fr
Bury;fr
Bon-Secours;fr
Baugnies;fr
Braffe;fr
Brasménil;fr
Callenelle;fr
Wasmes-Audemez-Briffoeil;fr
Wiers;fr
RUMES;fr
La Glanerie;fr
Taintignies;fr
Bléharies;fr
BRUNEHAUT;fr
Guignies;fr
Hollain;fr
Jollain-Merlin;fr
Wez-Velvain;fr
Lesdain;fr
Laplaigne;fr
Rongy;fr
Howardries;fr
ANTOING;fr
Maubray;fr
Péronnes-Lez-Antoing;fr
Bruyelle;fr
Calonne;fr
Fontenoy;fr
Luingne;fr
MOESKROEN;fr
Dottenijs;fr
Herseaux;fr
Bailleul;fr
Estaimbourg;fr
ESTAIMPUIS;fr
Evregnies;fr
Leers-Nord;fr
Néchin;fr
Saint-Léger;fr
PECQ;fr
Warcoing;fr
Hérinnes-Lez-Pecq;fr
Esquelmes;fr
Obigies;fr
Amougies;fr
Anseroeul;fr
MONT-DE-L'ENCLUS;fr
Orroir;fr
Russeignies;fr
CELLES;fr
Escanaffles;fr
Molenbaix;fr
Popuelles;fr
Pottes;fr
Velaines;fr
Komen;fr
KOMEN-WAASTEN;fr
Houthem;fr
Ploegsteert;fr
Bizet;fr
Neerwaasten;fr
Waasten;fr
ATH;fr
Lanquesaint;fr
Irchonwelz;fr
Ormeignies;fr
Bouvignies;fr
Ostiches;fr
Rebaix;fr
Maffle;fr
Arbre;fr
Houtaing;fr
Ligne;fr
Mainvault;fr
Moulbaix;fr
Villers-Notre-Dame;fr
Villers-Saint-Amand;fr
Ghislenghien;fr
Isières;fr
Meslin-L'Evêque;fr
Gibecq;fr
Bassilly;fr
Fouleng;fr
Gondregnies;fr
Graty;fr
Hellebecq;fr
Hoves;fr
SILLY;fr
Thoricourt;fr
EDINGEN;fr
Lettelingen;fr
Mark;fr
LESSINES;fr
Papignies;fr
Wannebecq;fr
Ogy;fr
Ghoy;fr
Deux-Acren;fr
Bois-De-Lessines;fr
Ollignies;fr
Bauffe;fr
Cambron-Saint-Vincent;fr
LENS;fr
Lombise;fr
Montignies-Lez-Lens;fr
VLOESBERG;fr
ELLEZELLES;fr
Lahamaide;fr
Wodecq;fr
Grandmetz;fr
LEUZE-EN-HAINAUT;fr
Thieulain;fr
Blicquy;fr
Chapelle-À-Oie;fr
Chapelle-À-Wattines;fr
Pipaix;fr
Tourpes;fr
Willaupuis;fr
Gallaix;fr
Anvaing;fr
Arc-Ainières;fr
Arc-Wattripont;fr
Cordes;fr
Ellignies-Lez-Frasnes;fr
Forest;fr
FRASNES-LEZ-ANVAING;fr
Wattripont;fr
Buissenal;fr
Frasnes-Lez-Buissenal;fr
Hacquegnies;fr
Herquegies;fr
Montroeul-Au-Bois;fr
Moustier;fr
Oeudeghien;fr
Dergneau;fr
Saint-Sauveur;fr
BRUGELETTE;fr
Cambron-Casteau;fr
Attre;fr
Mévergnies-Lez-Lens;fr
Gages;fr
CHIÈVRES;fr
Grosage;fr
Huissignies;fr
Ladeuze;fr
Tongre-Saint-Martin;fr
Tongre-Notre-Dame;fr
BELOEIL;fr
Basècles;fr
Ramegnies;fr
Thumaide;fr
Wadelincourt;fr
Aubechies;fr
Ellignies-Sainte-Anne;fr
Quevaucamps;fr
Grandglise;fr
Stambruges;fr
BRUGGE;nl
Koolkerke;nl
Hertsberge;nl
OOSTKAMP;nl
Ruddervoorde;nl
Waardamme;nl
Sint-Andries;nl
Sint-Michiels;nl
Loppem;nl
Veldegem;nl
ZEDELGEM;nl
Aartrijke;nl
Knokke;nl
KNOKKE-HEIST;nl
Westkapelle;nl
Heist-Aan-Zee;nl
Ramskapelle;nl
Assebroek;nl
Sint-Kruis;nl
DAMME;nl
Hoeke;nl
Lapscheure;nl
Moerkerke;nl
Oostkerke;nl
Sijsele;nl
BLANKENBERGE;nl
Uitkerke;nl
Houtave;nl
Meetkerke;nl
Nieuwmunster;nl
ZUIENKERKE;nl
Dudzele;nl
Lissewege;nl
Zeebrugge;nl
OOSTENDE;nl
Stene;nl
Zandvoorde;nl
DE HAAN;nl
Klemskerke;nl
Wenduine;nl
Vlissegem;nl
MIDDELKERKE;nl
Wilskerke;nl
Leffinge;nl
Mannekensvere;nl
Schore;nl
Sint-Pieters-Kapelle;nl
Slijpe;nl
Lombardsijde;nl
Westende;nl
BREDENE;nl
Ettelgem;nl
OUDENBURG;nl
Roksem;nl
Westkerke;nl
GISTEL;nl
Moere;nl
Snaaskerke;nl
Zevekote;nl
Bekegem;nl
Eernegem;nl
ICHTEGEM;nl
JABBEKE;nl
Snellegem;nl
Stalhille;nl
Varsenare;nl
Zerkegem;nl
KORTRIJK;nl
Bissegem;nl
Heule;nl
Bellegem;nl
Kooigem;nl
Marke;nl
Rollegem;nl
Aalbeke;nl
KUURNE;nl
HARELBEKE;nl
Bavikhove;nl
Hulste;nl
DEERLIJK;nl
ZWEVEGEM;nl
Heestert;nl
Moen;nl
Otegem;nl
Sint-Denijs;nl
Gullegem;nl
Moorsele;nl
WEVELGEM;nl
ANZEGEM;nl
Gijzelbrechtegem;nl
Ingooigem;nl
Vichte;nl
Kaster;nl
Tiegem;nl
AVELGEM;nl
Kerkhove;nl
Waarmaarde;nl
Outrijve;nl
Bossuit;nl
Helkijn;nl
Spiere;nl
SPIERE-HELKIJN;nl
Beerst;nl
DIKSMUIDE;nl
Driekapellen;nl
Esen;nl
Kaaskerke;nl
Keiem;nl
Lampernisse;nl
Leke;nl
Nieuwkapelle;nl
Oostkerke;nl
Oudekapelle;nl
Pervijze;nl
Sint-Jacobs-Kapelle;nl
Stuivekenskerke;nl
Vladslo;nl
Woumen;nl
Handzame;nl
KORTEMARK;nl
Werken;nl
Zarren;nl
NIEUWPOORT;nl
Ramskapelle;nl
Sint-Joris;nl
Avekapelle;nl
Booitshoeke;nl
Bulskamp;nl
De Moeren;nl
Eggewaartskapelle;nl
Houtem;nl
Steenkerke;nl
VEURNE;nl
Vinkem;nl
Wulveringem;nl
Zoutenaaie;nl
Oostvleteren;nl
VLETEREN;nl
Westvleteren;nl
Woesten;nl
Lo;nl
LO-RENINGE;nl
Noordschote;nl
Pollinkhove;nl
Reninge;nl
HOUTHULST;nl
Klerken;nl
Merkem;nl
Adinkerke;nl
DE PANNE;nl
KOKSIJDE;nl
Oostduinkerke;nl
Wulpen;nl
Bovekerke;nl
KOEKELARE;nl
Zande;nl
ALVERINGEM;nl
Hoogstade;nl
Oeren;nl
Sint-Rijkers;nl
Beveren-Aan-De-Ijzer;nl
Gijverinkhove;nl
Izenberge;nl
Leisele;nl
Stavele;nl
Aarsele;nl
Kanegem;nl
Schuiferskapelle;nl
TIELT;nl
Ooigem;nl
Sint-Baafs-Vijve;nl
WIELSBEKE;nl
DENTERGEM;nl
Markegem;nl
Oeselgem;nl
Wakken;nl
BEERNEM;nl
Oedelem;nl
Sint-Joris;nl
Egem;nl
PITTEM;nl
WINGENE;nl
Zwevezele;nl
RUISELEDE;nl
MEULEBEKE;nl
INGELMUNSTER;nl
OOSTROZEBEKE;nl
WAREGEM;nl
Beveren;nl
Desselgem;nl
Sint-Eloois-Vijve;nl
Beveren;nl
Oekene;nl
ROESELARE;nl
Rumbeke;nl
LICHTERVELDE;nl
TORHOUT;nl
Gits;nl
HOOGLEDE;nl
Oostnieuwkerke;nl
STADEN;nl
Westrozebeke;nl
ARDOOIE;nl
Koolskamp;nl
LENDELEDE;nl
Emelgem;nl
IZEGEM;nl
Kachtem;nl
LEDEGEM;nl
Rollegem-Kapelle;nl
Sint-Eloois-Winkel;nl
Dadizele;nl
MOORSLEDE;nl
Brielen;nl
Dikkebus;nl
IEPER;nl
Sint-Jan;nl
Hollebeke;nl
Voormezele;nl
Zillebeke;nl
Boezinge;nl
Zuidschote;nl
Elverdinge;nl
Vlamertinge;nl
Bikschote;nl
Langemark;nl
LANGEMARK-POELKAPELLE;nl
Poelkapelle;nl
Lauwe;nl
MENEN;nl
Rekkem;nl
Geluwe;nl
WERVIK;nl
HEUVELLAND;nl
Nieuwkerke;nl
Dranouter;nl
Wulvergem;nl
Wijtschate;nl
Westouter;nl
Kemmel;nl
MESEN;nl
Loker;nl
POPERINGE;nl
Reningelst;nl
Krombeke;nl
Proven;nl
Roesbrugge-Haringe;nl
Watou;nl
Beselare;nl
Geluveld;nl
Passendale;nl
Zandvoorde;nl
ZONNEBEKE;nl
GENT;nl
Mariakerke;nl
Drongen;nl
Wondelgem;nl
Sint-Amandsberg;nl
Oostakker;nl
Desteldonk;nl
Mendonk;nl
Sint-Kruis-Winkel;nl
Gentbrugge;nl
Ledeberg;nl
Afsnee;nl
Sint-Denijs-Westrem;nl
Zwijnaarde;nl
ZELZATE;nl
DESTELBERGEN;nl
Heusden;nl
CSM Gent X;nl
Beervelde;nl
LOCHRISTI;nl
Zaffelare;nl
Zeveneken;nl
Gontrode;nl
MELLE;nl
Gent X;nl
Nieuwkerken-Waas;nl
SINT-NIKLAAS;nl
Belsele;nl
Sinaai-Waas;nl
BEVEREN-WAAS;nl
Haasdonk;nl
Kallo;nl
Melsele;nl
Vrasene;nl
Doel;nl
Kallo;nl
Kieldrecht;nl
Verrebroek;nl
Elversele;nl
Steendorp;nl
TEMSE;nl
Tielrode;nl
Bazel;nl
KRUIBEKE;nl
Rupelmonde;nl
Daknam;nl
Eksaarde;nl
LOKEREN;nl
De Klinge;nl
Meerdonk;nl
SINT-GILLIS-WAAS;nl
Sint-Pauwels;nl
MOERBEKE-WAAS;nl
WACHTEBEKE;nl
Kemzeke;nl
STEKENE;nl
Appels;nl
Baasrode;nl
DENDERMONDE;nl
Grembergen;nl
Mespelare;nl
Oudegem;nl
Schoonaarde;nl
Sint-Gillis-Dendermonde;nl
HAMME;nl
Moerzeke;nl
Massemen;nl
Westrem;nl
WETTEREN;nl
ZELE;nl
WAASMUNSTER;nl
BUGGENHOUT;nl
Opdorp;nl
Schellebelle;nl
Serskamp;nl
WICHELEN;nl
Kalken;nl
LAARNE;nl
Denderbelle;nl
LEBBEKE;nl
Wieze;nl
BERLARE;nl
Overmere;nl
Uitbergen;nl
AALST;nl
Gijzegem;nl
Hofstade;nl
Baardegem;nl
Herdersem;nl
Meldert;nl
Moorsel;nl
Erembodegem;nl
Nieuwerkerken;nl
Impe;nl
LEDE;nl
Oordegem;nl
Smetlede;nl
Wanzele;nl
Appelterre-Eichem;nl
Denderwindeke;nl
Lieferinge;nl
Nederhasselt;nl
NINOVE;nl
Okegem;nl
Voorde;nl
Pollare;nl
Meerbeke;nl
Neigem;nl
Aspelare;nl
Outer;nl
Aaigem;nl
Bambrugge;nl
Burst;nl
Erondegem;nl
Erpe;nl
ERPE-MERE;nl
Mere;nl
Ottergem;nl
Vlekkem;nl
Denderhoutem;nl
HAALTERT;nl
Heldergem;nl
Kerksken;nl
DENDERLEEUW;nl
Iddergem;nl
Welle;nl
GERAARDSBERGEN;nl
Goeferdinge;nl
Moerbeke;nl
Nederboelare;nl
Onkerzele;nl
Ophasselt;nl
Overboelare;nl
Viane;nl
Zarlardinge;nl
Grimminge;nl
Idegem;nl
Nieuwenhove;nl
Schendelbeke;nl
Smeerebbe-Vloerzegem;nl
Waarbeke;nl
Zandbergen;nl
Bavegem;nl
Oombergen;nl
SINT-LIEVENS-HOUTEM;nl
Vlierzele;nl
Zonnegem;nl
Letterhoutem;nl
HERZELE;nl
Hillegem;nl
Sint-Antelinks;nl
Sint-Lievens-Esse;nl
Steenhuize-Wijnhuize;nl
Woubrechtegem;nl
Ressegem;nl
Borsbeke;nl
Deftinge;nl
LIERDE;nl
Sint-Maria-Lierde;nl
Hemelveerdegem;nl
Sint-Martens-Lierde;nl
RONSE;nl
Elene;nl
Erwetegem;nl
Godveerdegem;nl
Grotenberge;nl
Leeuwergem;nl
Oombergen;nl
Sint-Goriks-Oudenhove;nl
Sint-Maria-Oudenhove;nl
Strijpen;nl
Velzeke-Ruddershove;nl
ZOTTEGEM;nl
Beerlegem;nl
Dikkele;nl
Hundelgem;nl
Meilegem;nl
Munkzwalm;nl
Paulatem;nl
Roborst;nl
Rozebeke;nl
Sint-Blasius-Boekel;nl
Sint-Denijs-Boekel;nl
Sint-Maria-Latem;nl
ZWALM;nl
Nederzwalm-Hermelgem;nl
BRAKEL;nl
Elst;nl
Everbeek;nl
Michelbeke;nl
Nederbrakel;nl
Opbrakel;nl
Sint-Maria-Oudenhove;nl
Zegelsem;nl
Parike;nl
HOREBEKE;nl
Sint-Kornelis-Horebeke;nl
Sint-Maria-Horebeke;nl
Etikhove;nl
Maarke-Kerkem;nl
MAARKEDAL;nl
Nukerke;nl
Schorisse;nl
Berchem;nl
KLUISBERGEN;nl
Kwaremont;nl
Ruien;nl
Zulzeke;nl
Bevere;nl
Edelare;nl
Eine;nl
Ename;nl
Heurne;nl
Leupegem;nl
Mater;nl
Melden;nl
Mullem;nl
Nederename;nl
Ooike;nl
OUDENAARDE;nl
Volkegem;nl
Welden;nl
Huise;nl
Ouwegem;nl
Zingem;nl
KRUISEM;nl
Kruishoutem;nl
Nokere;nl
Wannegem-Lede;nl
Elsegem;nl
Moregem;nl
Ooike;nl
Petegem-Aan-De-Schelde;nl
Wortegem;nl
WORTEGEM-PETEGEM;nl
Astene;nl
Bachte-Maria-Leerne;nl
DEINZE;nl
Gottem;nl
Grammene;nl
Meigem;nl
Petegem-Aan-De-Leie;nl
Sint-Martens-Leerne;nl
Vinkt;nl
Wontergem;nl
Zeveren;nl
Eke;nl
NAZARETH;nl
Bottelare;nl
Lemberge;nl
Melsen;nl
MERELBEKE;nl
Munte;nl
Schelderode;nl
SINT-MARTENS-LATEM;nl
Deurle;nl
DE PINTE;nl
Zevergem;nl
Hansbeke;nl
Landegem;nl
Merendree;nl
Nevele;nl
Poesele;nl
Vosselare;nl
Balegem;nl
Gijzenzele;nl
Landskouter;nl
Moortsele;nl
OOSTERZELE;nl
Scheldewindeke;nl
Machelen;nl
Olsene;nl
ZULTE;nl
AALTER;nl
Lotenhulle;nl
Poeke;nl
Bellem;nl
Asper;nl
Baaigem;nl
Dikkelvenne;nl
GAVERE;nl
Semmerzake;nl
Vurste;nl
EEKLO;nl
Knesselare;nl
Ursel;nl
Lovendegem;nl
Vinderhoute;nl
LIEVEGEM;nl
Zomergem;nl
Oostwinkel;nl
Ronsele;nl
Ertvelde;nl
EVERGEM;nl
Kluizen;nl
Sleidinge;nl
Waarschoot;nl
ASSENEDE;nl
Boekhoute;nl
Bassevelde;nl
Oosteeklo;nl
KAPRIJKE;nl
Lembeke;nl
SINT-LAUREINS;nl
Sint-Margriete;nl
Sint-Jan-In-Eremo;nl
Waterland-Oudeman;nl
Watervliet;nl
MALDEGEM;nl
Adegem;nl
Middelburg;nl
